regime,model,accuracy_mean,accuracy_std,balanced_accuracy_mean,balanced_accuracy_std,f1_mean,f1_std,roc_auc_mean,roc_auc_std,pr_auc_mean,pr_auc_std,sensitivity_mean,sensitivity_std,specificity_mean,specificity_std,brier_mean,brier_std
Random row-level,Baseline: Antibiotic Majority,0.7041304347826087,0.03621498700198402,0.7040586419753087,0.036236345703752934,0.6899170150873265,0.04714298285623542,0.7040586419753087,0.03623634570375294,0.6480100015575521,0.032643056041187384,0.665,0.08723173161183949,0.7431172839506173,0.06718243275926027,0.29586956521739133,0.03621498700198409
Random row-level,Baseline: Genome+Antibiotic Majority,0.5455357142857142,0.01717445005506372,0.5460185185185186,0.01809365045809892,0.2835036299822857,0.23054415188863184,0.5460185185185186,0.018093650458098968,0.533396787994614,0.008975928771164118,0.275,0.3850730450187341,0.8170370370370371,0.35354754042446973,0.45446428571428565,0.01717445005506372
Random row-level,Baseline: Overall Majority,0.4993788819875776,0.0013888620978259394,0.5,0.0,0.13278008298755187,0.2969052916182293,0.5,0.0,0.4993788819875776,0.0013888620978259394,0.2,0.447213595499958,0.8,0.4472135954999579,0.5006211180124224,0.0013888620978259436
Random row-level,Baseline: Species Majority,0.679083850931677,0.03273711910057939,0.6791512345679013,0.03287568604500035,0.653821475233559,0.06917685968999737,0.6791512345679012,0.032875686045000366,0.6288029874593618,0.02958955708407625,0.6275000000000001,0.153704261489394,0.7308024691358025,0.1423104187239878,0.320916149068323,0.03273711910057935
Random row-level,Baseline: Species+Antibiotic Majority,0.8376552795031056,0.028212196157629633,0.837716049382716,0.028314978656331147,0.8443369805332374,0.02435417593184076,0.837716049382716,0.02831497865633116,0.7748407772899368,0.03369013608865582,0.8800000000000001,0.027386127875258306,0.7954320987654321,0.050020905170966745,0.1623447204968944,0.02821219615762964
Random row-level,Gradient Boosting,0.8239208074534161,0.023491468621190968,0.8239351851851853,0.0235216396660368,0.8200815632160141,0.028911162445900987,0.8980472608024691,0.024158027455031233,0.8584278515691898,0.023045762208754143,0.8074999999999999,0.057689903796071626,0.8403703703703703,0.028678304174331884,0.12825821544588084,0.013589378781846575
Random row-level,Logistic Regression,0.8301785714285714,0.02539075990937466,0.8301543209876543,0.025358605830190416,0.8281475925028383,0.02651881028829794,0.8805576774691358,0.024678898438304675,0.8278240676714411,0.02892502290619554,0.82,0.032596012026013255,0.8403086419753085,0.022966986571688507,0.1365799612022545,0.011217026278742201
Random row-level,Random Forest,0.8513742236024845,0.03282859895076041,0.8514660493827162,0.03300097582189622,0.8557147704434526,0.032252782707762793,0.9020752314814814,0.026448208147385802,0.8623733751581109,0.02678625994383796,0.885,0.0582290734942606,0.8179320987654322,0.04898632869043449,0.12087764786428419,0.024912533287781473
Random row-level,XGBoost,0.8438975155279504,0.027850621804553485,0.843966049382716,0.027967959637922986,0.8492678165122189,0.02775134086559529,0.9024280478395061,0.026057269672323653,0.873650211949444,0.02313458200446679,0.8825,0.05199158585771353,0.8054320987654322,0.046677494416335626,0.11908647865056991,0.01955445945003384
Unseen Species-Antibiotic,Baseline: Antibiotic Majority,0.39168543729283406,0.09127554551669832,0.4483216987068122,0.04455112293736931,0.43048088124159956,0.15399180268527607,0.4483216987068122,0.04455112293736931,0.4797091017633033,0.12290170510630584,0.5614729355200898,0.3353357405185887,0.33517046189353467,0.3194631023797301,0.6083145627071659,0.09127554551669828
Unseen Species-Antibiotic,Baseline: Genome+Antibiotic Majority,0.4153588663764355,0.07951115660753823,0.5,0.0,0.3576304725587073,0.3334620865489228,0.5,0.0,0.49926289619241493,0.1235981259926386,0.6,0.5477225575051661,0.4,0.5477225575051661,0.5846411336235645,0.0795111566075382
Unseen Species-Antibiotic,Baseline: Overall Majority,0.4153588663764355,0.07951115660753823,0.5,0.0,0.3576304725587073,0.3334620865489228,0.5,0.0,0.49926289619241493,0.1235981259926386,0.6,0.5477225575051661,0.4,0.5477225575051661,0.5846411336235645,0.0795111566075382
Unseen Species-Antibiotic,Baseline: Species Majority,0.6039863011865336,0.0540651238595395,0.6432329440450173,0.00834495511349186,0.5903094743763952,0.048942702869786116,0.6432329440450173,0.008344955113491875,0.5897242522502351,0.12641313036691793,0.6123472462142078,0.20984613911532526,0.6741186418758269,0.21109849397145097,0.3960136988134664,0.05406512385953946
Unseen Species-Antibiotic,Baseline: Species+Antibiotic Majority,0.4153588663764355,0.07951115660753823,0.5,0.0,0.3576304725587073,0.3334620865489228,0.5,0.0,0.49926289619241493,0.1235981259926386,0.6,0.5477225575051661,0.4,0.5477225575051661,0.5846411336235645,0.0795111566075382
Unseen Species-Antibiotic,Gradient Boosting,0.627994953868279,0.01856853794433623,0.6364553776654087,0.023654543956422587,0.5949803738051821,0.0651592006874851,0.7119802337754016,0.07212953676820748,0.724796627351448,0.014553962044726938,0.5818911673840201,0.15260884944691938,0.6910195879467972,0.16181705110969807,0.24062995206627874,0.015557166849469171
Unseen Species-Antibiotic,Logistic Regression,0.6654125522843051,0.07683426594708993,0.6683915940903951,0.08693619585948734,0.6480788249501894,0.06038132346362496,0.7250727238632831,0.10178786125482797,0.7262549165546022,0.04354706908557043,0.6388137091664549,0.15044926485366877,0.6979694790143353,0.18120206357745938,0.23378323739317858,0.0442145760601797
Unseen Species-Antibiotic,Random Forest,0.6490990804762339,0.02958996784845021,0.666658243914389,0.0339454543156708,0.6366072098907755,0.0564532149692297,0.7238589484305092,0.058228639750399554,0.7463221630120518,0.04296222208456604,0.6436457722569074,0.11964157083586234,0.6896707155718705,0.13216866989082687,0.22727656851710715,0.025223683426236043
Unseen Species-Antibiotic,XGBoost,0.686616550776723,0.03047756028412408,0.6967805269557577,0.0390273686435209,0.6674669261318857,0.04916937130096285,0.6989112712258749,0.04100372743628687,0.6905806208117389,0.126613736833927,0.6552069786436608,0.10282311834818555,0.7383540752678545,0.07395546896690794,0.2665454089641571,0.036447282281932156
Unseen Genome,Baseline: Antibiotic Majority,0.7140435173248955,0.0595437853862639,0.7217159262031785,0.05781540076788251,0.7062415393552424,0.06489247103260135,0.7217159262031785,0.0578154007678825,0.6613146138944719,0.11921565738625318,0.6959386547418256,0.048537064359134706,0.7474931976645315,0.12725723252891238,0.2859564826751045,0.0595437853862639
Unseen Genome,Baseline: Genome+Antibiotic Majority,0.44077503027462017,0.05402837662189976,0.5,0.0,0.23858407079646016,0.3267042821794066,0.5,0.0,0.4992070002734482,0.08545627957268653,0.4,0.5477225575051662,0.6,0.5477225575051662,0.5592249697253798,0.05402837662189974
Unseen Genome,Baseline: Overall Majority,0.44077503027462017,0.05402837662189976,0.5,0.0,0.23858407079646016,0.3267042821794066,0.5,0.0,0.4992070002734482,0.08545627957268653,0.4,0.5477225575051662,0.6,0.5477225575051662,0.5592249697253798,0.05402837662189974
Unseen Genome,Baseline: Species Majority,0.6765420524239227,0.06269104615344223,0.6728671947491789,0.0472170691010766,0.6900611798102618,0.08625303094757912,0.6728671947491789,0.047217069101076634,0.6095253281120805,0.1023186934891805,0.74851224600687,0.11781498741014566,0.5972221434914877,0.1180713947746244,0.32345794757607715,0.06269104615344226
Unseen Genome,Baseline: Species+Antibiotic Majority,0.8476502988397984,0.0753608848054156,0.8525559646670571,0.06393144176874299,0.8518958394824601,0.07522285833739838,0.8525559646670571,0.063931441768743,0.7810289469778724,0.12109018027373157,0.9071976482087054,0.049931227992389825,0.7979142811254085,0.13545498934022768,0.15234970116020158,0.07536088480541561
Unseen Genome,Gradient Boosting,0.8237978046017422,0.081343954612073,0.8273312913235091,0.08075027438965723,0.813213132944111,0.09395106849937931,0.8925819115537508,0.08731420750964287,0.8511554202773418,0.1575431326983283,0.8057148189148036,0.09135670373890352,0.8489477637322148,0.13747623773720694,0.134560154700117,0.05386577654039328
Unseen Genome,Logistic Regression,0.8425719754677917,0.08061205578552258,0.8442439038044915,0.08098954134571178,0.8311686129684439,0.09913013246308133,0.8823616399739478,0.08589940534617248,0.8331994254779463,0.15591416712696582,0.8286063760952743,0.12151273652103665,0.8598814315137087,0.1430178834674048,0.14156222350152445,0.05358252319529433
Unseen Genome,Random Forest,0.8525723661080511,0.07831737091896929,0.8583238867565217,0.06989827012933093,0.8531181562495751,0.07917442334444488,0.9137557207571716,0.07203179264849094,0.8619471292025583,0.13318429398027415,0.8899136975914216,0.06744848269595377,0.826734075921622,0.14219283101291727,0.11879765469712363,0.06403702079207049
Unseen Genome,XGBoost,0.8526661197703035,0.0728489653906949,0.8592185932703671,0.06382373553914641,0.8552340473611156,0.07286121902790949,0.908346597495588,0.08171414376090358,0.8534458405125157,0.15524738543374406,0.8963770236625906,0.04454825508217735,0.8220601628781438,0.14500757076955,0.11972101777791977,0.06129812749328357
Leave-One-Species-Out,Baseline: Antibiotic Majority,0.3523640552995392,0.06770390951291709,0.44592475686308886,0.06000024045256807,0.24221601434837908,0.1654191899759582,0.44592475686308886,0.06000024045256807,0.5064471341730526,0.228334998082943,0.31233154919817707,0.3121652845660965,0.5795179645280006,0.3895443803435562,0.6476359447004608,0.06770390951291703
Leave-One-Species-Out,Baseline: Genome+Antibiotic Majority,0.3479247311827957,0.14033917978260493,0.5,0.0,0.20047496912700674,0.28539242084798716,0.5,0.0,0.5254086021505376,0.21862456011454914,0.4,0.5477225575051661,0.6,0.5477225575051661,0.6520752688172042,0.14033917978260496
Leave-One-Species-Out,Baseline: Overall Majority,0.3479247311827957,0.14033917978260493,0.5,0.0,0.20047496912700674,0.28539242084798716,0.5,0.0,0.5254086021505376,0.21862456011454914,0.4,0.5477225575051661,0.6,0.5477225575051661,0.6520752688172042,0.14033917978260496
Leave-One-Species-Out,Baseline: Species Majority,0.3479247311827957,0.14033917978260493,0.5,0.0,0.20047496912700674,0.28539242084798716,0.5,0.0,0.5254086021505376,0.21862456011454914,0.4,0.5477225575051661,0.6,0.5477225575051661,0.6520752688172042,0.14033917978260496
Leave-One-Species-Out,Baseline: Species+Antibiotic Majority,0.3479247311827957,0.14033917978260493,0.5,0.0,0.20047496912700674,0.28539242084798716,0.5,0.0,0.5254086021505376,0.21862456011454914,0.4,0.5477225575051661,0.6,0.5477225575051661,0.6520752688172042,0.14033917978260496
Leave-One-Species-Out,Gradient Boosting,0.4378663594470046,0.15038556031500583,0.5056676152353147,0.10628877989977156,0.49230769230769234,0.14854976641406475,0.5080988266711056,0.13990181506056495,0.5763408522703084,0.2433881597730894,0.5928393234159104,0.24230675159296075,0.4184959070547188,0.2294429247881338,0.34845092450977794,0.08353557133118719
Leave-One-Species-Out,Logistic Regression,0.4497373271889401,0.1836470357169485,0.5245104387792953,0.15248436935646592,0.45144536259391954,0.13267467777916087,0.49514602814564795,0.1660222693948459,0.5638277713505395,0.25854222000674376,0.4738798127266386,0.19627892124831486,0.575141064831952,0.3641558188019056,0.35240344531916284,0.09068973365852849
Leave-One-Species-Out,Random Forest,0.38897235023041477,0.12661464296050257,0.4608007609470137,0.09534248099057946,0.42873823408344125,0.1235293686149746,0.48111356655011656,0.09177629064553885,0.5497774868297383,0.20760001794308325,0.5063837016661712,0.22599830943634255,0.41521782022785636,0.2495968802158521,0.37924213795320283,0.10936644792541766
Leave-One-Species-Out,XGBoost,0.4161889400921659,0.15946160264545478,0.4950232592921158,0.1296040596249992,0.3607130696767526,0.23772277729151522,0.5418242528895019,0.17746270919842552,0.5840262858493067,0.24702678733543074,0.41490545375227966,0.2852923883553224,0.575141064831952,0.3641558188019056,0.3602282077074051,0.11177759366452507
